Period,TXx,Rate of temperature change (℃/10a),PRCPTOT,Rate of precipitation change (mm/10a),Period_numeric
1824-1853,32.08076923076922,,570.4270833333333,,1824
1854-1883,31.807182320442003,-0.091*,674.6085365853656,34.727*,1854
1884-1913,31.0615,-0.170,709.0087227414328,23.097,1884
1914-1943,31.354608999563215,-0.097,793.6271507863091,23.467*,1914
1944-1973,31.42416242198149,-0.059,803.6884275421517,19.518*,1944
1974-2003,32.09212393866422,-0.008,840.3979829473135,17.350*,1974
2004-2023,33.83158243945583,0.072,772.2770189255921,12.656*,2004
